blockNumber,timeStamp,value,functionName
818342,1710446499,0.1014,mint()
818819,1710447453,0.11,mint()
818881,1710447577,0.10403,mint()
818917,1710447649,0.10403,mint()
818962,1710447739,0.10427,mint()
818996,1710447807,0.10502,mint()
819014,1710447843,0.106,mint()
819037,1710447889,0.10655,mint()
819065,1710447945,0.10732,mint()
819777,1710449369,0.10876,mint()
819778,1710449371,0.10955,mint()
819780,1710449375,0.10955,mint()
819783,1710449381,0.11035,mint()
819786,1710449387,0.11196,mint()
819787,1710449389,0.11196,mint()
819788,1710449391,0.11196,mint()
819790,1710449395,0.11277,mint()
819793,1710449401,0.11359,mint()
819794,1710449403,0.11359,mint()
819794,1710449403,0.11359,mint()
819795,1710449405,0.11359,mint()
819795,1710449405,0.11359,mint()
819795,1710449405,0.11359,mint()
819796,1710449407,0.11359,mint()
819798,1710449411,0.11609,mint()
819799,1710449413,0.11609,mint()
819800,1710449415,0.11694,mint()
819802,1710449419,0.11694,mint()
819803,1710449421,0.11694,mint()
819805,1710449425,0.11779,mint()
819805,1710449425,0.11865,mint()
819806,1710449427,0.12038,mint()
819806,1710449427,0.11951,mint()
819808,1710449431,0.12126,mint()
819811,1710449437,0.12214,mint()
819815,1710449445,0.12574,mint()
819815,1710449445,0.12574,mint()
819818,1710449451,0.12665,mint()
819819,1710449453,0.12665,mint()
819820,1710449455,0.12944,mint()
819821,1710449457,0.13038,mint()
819822,1710449459,0.13038,mint()
819822,1710449459,0.12944,mint()
819825,1710449465,0.13038,mint()
819826,1710449467,0.13038,mint()
819827,1710449469,0.13422,mint()
819828,1710449471,0.13422,mint()
819828,1710449471,0.13718,mint()
819828,1710449471,0.13422,mint()
819829,1710449473,0.13718,mint()
819838,1710449491,0.14537,mint()
819838,1710449491,0.14537,mint()
819838,1710449491,0.1475,mint()
819839,1710449493,0.14537,mint()
819842,1710449499,0.15074,mint()
819848,1710449511,0.1586,mint()
819848,1710449511,0.1586,mint()
819849,1710449513,0.1586,mint()
819849,1710449513,0.1586,mint()
819850,1710449515,0.1586,mint()
819850,1710449515,0.1586,mint()
819857,1710449529,0.16565,mint()
819859,1710449533,0.17053,mint()
819860,1710449535,0.17053,mint()
819863,1710449541,0.17555,mint()
819865,1710449545,0.17812,mint()
819867,1710449549,0.17942,mint()
819870,1710449555,0.17942,mint()
819872,1710449559,0.18072,mint()
819873,1710449561,0.18072,mint()
819876,1710449567,0.1874,mint()
819878,1710449571,0.1874,mint()
819879,1710449573,0.18876,mint()
819880,1710449575,0.18876,mint()
819882,1710449579,0.18876,mint()
819887,1710449589,0.19291,mint()
819893,1710449601,0.19291,mint()
819894,1710449603,0.20593,mint()
819897,1710449609,0.21354,mint()
819898,1710449611,0.20004,mint()
819899,1710449613,0.21509,mint()
819900,1710449615,0.21354,mint()
819901,1710449617,0.21354,mint()
819901,1710449617,0.21509,mint()
819903,1710449621,0.21824,mint()
819905,1710449625,0.21824,mint()
819905,1710449625,0.21824,mint()
819907,1710449629,0.22466,mint()
819908,1710449631,0.23297,mint()
819908,1710449631,0.22795,mint()
819911,1710449637,0.23296,mint()
819914,1710449643,0.24689,mint()
819917,1710449649,0.24869,mint()
819917,1710449649,0.24689,mint()
819920,1710449655,0.25601,mint()
819920,1710449655,0.25601,mint()
819922,1710449659,0.25601,mint()
819922,1710449659,0.25601,mint()
819923,1710449661,0.25601,mint()
819926,1710449667,0.26164,mint()
819929,1710449673,0.26935,mint()
819931,1710449677,0.26935,mint()
819932,1710449679,0.27131,mint()
819934,1710449683,0.27328,mint()
819934,1710449683,0.27328,mint()
819940,1710449695,0.28338,mint()
819942,1710449699,0.28752,mint()
819944,1710449703,0.28752,mint()
819945,1710449705,0.28752,mint()
819948,1710449711,0.28961,mint()
819950,1710449715,0.29384,mint()
819952,1710449719,0.29384,mint()
819953,1710449721,0.29598,mint()
819954,1710449723,0.29384,mint()
819954,1710449723,0.29598,mint()
819955,1710449725,0.29598,mint()
819956,1710449727,0.30031,mint()
819960,1710449735,0.3047,mint()
819973,1710449761,0.3114,mint()
819974,1710449763,0.31595,mint()
819976,1710449767,0.31595,mint()
819979,1710449773,0.31825,mint()
819990,1710449795,0.33,mint()
819992,1710449799,0.33,mint()
819996,1710449807,0.33482,mint()
820001,1710449817,0.33726,mint()
820005,1710449825,0.33726,mint()
820011,1710449837,0.33971,mint()
820020,1710449855,0.34218,mint()
820024,1710449863,0.34467,mint()
820038,1710449891,0.35225,mint()
820059,1710449933,0.35739,mint()
820059,1710449933,0.35738,mint()
820066,1710449947,0.35998,mint()
820071,1710449957,0.36524,mint()
820073,1710449961,0.36524,mint()
820078,1710449971,0.37058,mint()
820085,1710449985,0.37873,mint()
820090,1710449995,0.38148,mint()
820092,1710449999,0.38148,mint()
820094,1710450003,0.38426,mint()
820095,1710450005,0.38426,mint()
820098,1710450011,0.38705,mint()
820105,1710450025,0.38987,mint()
820112,1710450039,0.39557,mint()
820116,1710450047,0.40135,mint()
820130,1710450075,0.41316,mint()
820140,1710450095,0.41616,mint()
820146,1710450107,0.41919,mint()
820151,1710450117,0.42224,mint()
820161,1710450137,0.43152,mint()
820163,1710450141,0.43152,mint()
820172,1710450159,0.44101,mint()
820183,1710450181,0.44745,mint()
820187,1710450189,0.45071,mint()
820190,1710450195,0.45071,mint()
820193,1710450201,0.45399,mint()
820194,1710450203,0.45398,mint()
820200,1710450215,0.45729,mint()
820208,1710450231,0.46734,mint()
820212,1710450239,0.46734,mint()
820213,1710450241,0.47074,mint()
820223,1710450261,0.47762,mint()
820231,1710450277,0.47762,mint()
820236,1710450287,0.48109,mint()
820244,1710450303,0.48458,mint()
820247,1710450309,0.48811,mint()
820260,1710450335,0.49524,mint()
820262,1710450339,0.49524,mint()
820266,1710450347,0.49884,mint()
820269,1710450353,0.50247,mint()
820271,1710450357,0.50247,mint()
820276,1710450367,0.50612,mint()
820278,1710450371,0.50612,mint()
820281,1710450377,0.5098,mint()
820294,1710450403,0.51351,mint()
820419,1710450653,0.5209,mint()
820537,1710450889,0.53227,mint()
820539,1710450893,0.53227,mint()
820547,1710450909,0.53613,mint()
820570,1710450955,0.54396,mint()
820587,1710450989,0.5479,mint()
820592,1710450999,0.55188,mint()
820610,1710451035,0.55589,mint()
820625,1710451065,0.55992,mint()
820634,1710451083,0.56399,mint()
820643,1710451101,0.56809,mint()
820653,1710451121,0.57222,mint()
820690,1710451195,0.57635,mint()
820742,1710451299,0.58051,mint()
820832,1710451479,0.58464,mint()
820852,1710451519,0.58888,mint()
820904,1710451623,0.59311,mint()
821058,1710451931,0.59729,mint()
821170,1710452155,0.60152,mint()
821175,1710452165,0.60589,mint()
821403,1710452621,0.61007,mint()
821760,1710453335,0.61414,mint()
821892,1710453599,0.61848,mint()
821997,1710453809,0.62287,mint()
822012,1710453839,0.6274,mint()
822108,1710454031,0.63186,mint()
822395,1710454605,0.63616,mint()
822852,1710455519,0.6403,mint()
823062,1710455939,0.64474,mint()
823515,1710456845,0.64894,mint()
823569,1710456953,0.65361,mint()
823823,1710457461,0.65808,mint()
825021,1710459857,0.66155,mint()
825516,1710460847,0.66581,mint()
825632,1710461079,0.67053,mint()
827596,1710465007,0.67319,mint()
827791,1710465397,0.67788,mint()
899854,1710609523,0.60936,mint()
1065512,1710940839,0.4647,mint()
1069639,1710949093,0.46485,mint()
1069666,1710949147,0.46821,mint()
1148783,1711107381,0.41594,mint()
1164604,1711139023,0.40797,mint()
1165355,1711140525,0.41043,mint()
1165447,1711140709,0.41336,mint()
1165456,1711140727,0.41636,mint()
1165479,1711140773,0.41634,mint()
1165515,1711140845,0.41935,mint()
1165555,1711140925,0.42237,mint()
1165566,1711140947,0.42544,mint()
1165568,1711140951,0.42544,mint()
1165574,1711140963,0.42854,mint()
1165585,1711140985,0.43165,mint()
1165639,1711141093,0.43475,mint()
1165640,1711141095,0.43476,mint()
1165647,1711141109,0.43792,mint()
1165652,1711141119,0.4411,mint()
1165656,1711141127,0.4411,mint()
1165657,1711141129,0.4411,mint()
1165660,1711141135,0.44431,mint()
1165666,1711141147,0.44754,mint()
1165667,1711141149,0.44754,mint()
1165672,1711141159,0.45079,mint()
1165684,1711141183,0.45407,mint()
1165691,1711141197,0.45737,mint()
1165699,1711141213,0.46069,mint()
1165736,1711141287,0.46403,mint()
1165738,1711141291,0.46402,mint()
1165990,1711141795,0.4672,mint()
1166059,1711141933,0.47055,mint()
1166234,1711142283,0.47384,mint()
1166447,1711142709,0.47712,mint()
1166581,1711142977,0.48049,mint()
1166607,1711143029,0.48396,mint()
1166613,1711143041,0.48748,mint()
1166622,1711143059,0.49103,mint()
1166627,1711143069,0.4946,mint()
1166629,1711143073,0.4946,mint()
1166634,1711143083,0.4982,mint()
1166647,1711143109,0.50181,mint()
1166648,1711143111,0.50181,mint()
1166658,1711143131,0.50914,mint()
1166787,1711143389,0.51274,mint()
1166794,1711143403,0.51647,mint()
1166904,1711143623,0.52013,mint()
1166910,1711143635,0.52391,mint()
1166917,1711143649,0.52772,mint()
1166925,1711143665,0.53156,mint()
1166957,1711143729,0.5354,mint()
1166963,1711143741,0.5393,mint()
1166968,1711143751,0.54322,mint()
1166973,1711143761,0.54717,mint()
1167067,1711143949,0.55107,mint()
1167072,1711143959,0.55508,mint()
1167088,1711143991,0.55911,mint()
1167093,1711144001,0.56318,mint()
1167108,1711144031,0.56726,mint()
1167113,1711144041,0.57139,mint()
1167119,1711144053,0.57555,mint()
1167126,1711144067,0.58395,mint()
1167147,1711144109,0.5882,mint()
1167155,1711144125,0.59246,mint()
1167160,1711144135,0.59677,mint()
1167161,1711144137,0.59246,mint()
1167179,1711144173,0.60111,mint()
1167200,1711144215,0.60546,mint()
1167233,1711144281,0.60983,mint()
1167273,1711144361,0.61423,mint()
1167278,1711144371,0.61423,mint()
1167279,1711144373,0.6187,mint()
1167301,1711144417,0.62319,mint()
1167320,1711144455,0.62771,mint()
1167336,1711144487,0.63226,mint()
1167362,1711144539,0.63683,mint()
1167362,1711144539,0.63684,mint()
1167379,1711144573,0.64147,mint()
1167381,1711144577,0.64145,mint()
1167404,1711144623,0.65081,mint()
1167412,1711144639,0.65554,mint()
1167416,1711144647,0.66031,mint()
1167419,1711144653,0.66511,mint()
1167422,1711144659,0.66995,mint()
1167425,1711144665,0.66995,mint()
1167427,1711144669,0.67483,mint()
1167429,1711144673,0.67482,mint()
1167430,1711144675,0.67483,mint()
1167431,1711144677,0.67974,mint()
1167432,1711144679,0.67974,mint()
1167436,1711144687,0.68468,mint()
1167439,1711144693,0.68468,mint()
1167440,1711144695,0.68967,mint()
1167441,1711144697,0.68966,mint()
1167445,1711144705,0.69468,mint()
1167448,1711144711,0.69974,mint()
1167451,1711144717,0.69974,mint()
1167453,1711144721,0.70483,mint()
1167458,1711144731,0.70996,mint()
1167464,1711144743,0.71512,mint()
1167471,1711144757,0.72557,mint()
1167476,1711144767,0.72032,mint()
1167478,1711144771,0.73085,mint()
1167483,1711144781,0.73616,mint()
1167487,1711144789,0.74152,mint()
1167488,1711144791,0.73616,mint()
1167492,1711144799,0.74691,mint()
1167493,1711144801,0.74691,mint()
1167507,1711144829,0.74689,mint()
1167522,1711144859,0.75231,mint()
1167546,1711144907,0.75776,mint()
1167640,1711145095,0.76316,mint()
1167658,1711145131,0.76871,mint()
1167850,1711145515,0.77404,mint()
1167868,1711145551,0.77967,mint()
1167888,1711145591,0.78531,mint()
1167913,1711145641,0.791,mint()
1167959,1711145733,0.7967,mint()
1168005,1711145825,0.80244,mint()
1168026,1711145867,0.80825,mint()
1168077,1711145969,0.82,mint()
1168088,1711145991,0.82596,mint()
1168097,1711146009,0.83196,mint()
1168113,1711146041,0.838,mint()
1168125,1711146065,0.84408,mint()
1168171,1711146157,0.85017,mint()
1168202,1711146219,0.85631,mint()
1168219,1711146253,0.86881,mint()
1168255,1711146325,0.87508,mint()
1168274,1711146363,0.88143,mint()
1168297,1711146409,0.88782,mint()
1168339,1711146493,0.89422,mint()
1168360,1711146535,0.9007,mint()
1168400,1711146615,0.9072,mint()
1168407,1711146629,0.9138,mint()
1168412,1711146639,0.92044,mint()
1168440,1711146695,0.9271,mint()
1168449,1711146713,0.93384,mint()
1168459,1711146733,0.93383,mint()
1168464,1711146743,0.94062,mint()
1168468,1711146751,0.94746,mint()
1168471,1711146757,0.94746,mint()
1168484,1711146783,0.95434,mint()
1168491,1711146797,0.96128,mint()
1168576,1711146967,0.96814,mint()
1168596,1711147007,0.97516,mint()
1168629,1711147073,0.98221,mint()
1168643,1711147101,0.98935,mint()
1168660,1711147135,0.99652,mint()
1168662,1711147139,0.99652,mint()
1168671,1711147157,1.00376,mint()
1168676,1711147167,1.01106,mint()
1168699,1711147213,1.01839,mint()
1168728,1711147271,1.02575,mint()
1168737,1711147289,1.03321,mint()
1168745,1711147305,1.04072,mint()
1168745,1711147305,1.04072,mint()
1168749,1711147313,1.04829,mint()
1168774,1711147363,1.05589,mint()
1168783,1711147381,1.06356,mint()
1168790,1711147395,1.06355,mint()
1168791,1711147397,1.07129,mint()
1168812,1711147439,1.07906,mint()
1168818,1711147451,1.0869,mint()
1168844,1711147503,1.09477,mint()
1168860,1711147535,1.10271,mint()
1168869,1711147553,1.1027,mint()
1168883,1711147581,1.11879,mint()
1168911,1711147637,1.12689,mint()
1168924,1711147663,1.12686,mint()
1168929,1711147673,1.13506,mint()
1168929,1711147673,1.13506,mint()
1168946,1711147707,1.1433,mint()
1168948,1711147711,1.15162,mint()
1168968,1711147751,1.15997,mint()
1168970,1711147755,1.14332,mint()
1168979,1711147773,1.16839,mint()
1169002,1711147819,1.18543,mint()
1169018,1711147851,1.19403,mint()
1169058,1711147931,1.20265,mint()
1169086,1711147987,1.21135,mint()
1169116,1711148047,1.229,mint()
1169130,1711148075,1.24694,mint()
1169175,1711148165,1.25593,mint()
1169207,1711148229,1.26501,mint()
1169213,1711148241,1.27421,mint()
1169216,1711148247,1.28348,mint()
1169223,1711148261,1.29282,mint()
1169230,1711148275,1.30222,mint()
1169237,1711148289,1.31168,mint()
1169238,1711148291,1.31169,mint()
1169239,1711148293,1.31168,mint()
1169240,1711148295,1.31168,mint()
1169250,1711148315,1.33083,mint()
1169254,1711148323,1.33083,mint()
1169256,1711148327,1.34051,mint()
1169258,1711148331,1.34051,mint()
1169280,1711148375,1.36006,mint()
1169285,1711148385,1.36995,mint()
1169293,1711148401,1.37991,mint()
1169312,1711148439,1.38992,mint()
1169317,1711148449,1.40003,mint()
1169335,1711148485,1.41018,mint()
1169369,1711148553,1.42037,mint()
1169386,1711148587,1.43067,mint()
1169388,1711148591,1.43067,mint()
1169389,1711148593,1.44109,mint()
1169412,1711148639,1.45153,mint()
1169417,1711148649,1.46209,mint()
1169441,1711148697,1.47267,mint()
1169447,1711148709,1.48339,mint()
1169460,1711148735,1.49416,mint()
1169467,1711148749,1.50502,mint()
1169473,1711148761,1.51597,mint()
1169482,1711148779,1.52699,mint()
1169488,1711148791,1.5381,mint()
1169490,1711148795,1.53809,mint()
1169520,1711148855,1.54921,mint()
1169526,1711148867,1.56048,mint()
1169554,1711148923,1.57178,mint()
1169589,1711148993,1.58313,mint()
1169605,1711149025,1.59462,mint()
1169716,1711149247,1.60594,mint()
1169724,1711149263,1.61761,mint()
1169796,1711149407,1.6292,mint()
1169805,1711149425,1.64104,mint()
1169812,1711149439,1.62924,mint()
1169818,1711149451,1.64105,mint()
1169828,1711149471,1.65294,mint()
1169833,1711149481,1.66495,mint()
1169841,1711149497,1.67705,mint()
1169846,1711149507,1.68926,mint()
1169849,1711149513,1.68925,mint()
1169855,1711149525,1.70153,mint()
1169861,1711149537,1.71391,mint()
1169954,1711149723,1.75137,mint()
1169959,1711149733,1.7641,mint()
1170015,1711149845,1.78972,mint()
1170219,1711150253,1.80215,mint()
1170263,1711150341,1.81513,mint()
1170304,1711150423,1.82824,mint()
1170329,1711150473,1.84146,mint()
1170335,1711150485,1.85486,mint()
1170343,1711150501,1.86834,mint()
1170414,1711150643,1.89545,mint()
1170440,1711150695,1.90916,mint()
1170550,1711150915,1.9227,mint()
1170562,1711150939,1.93667,mint()
1170691,1711151197,1.95036,mint()
1170746,1711151307,1.96438,mint()
1170751,1711151317,1.97866,mint()
1170862,1711151539,1.9927,mint()
1170908,1711151631,2.00707,mint()
1170914,1711151643,2.02166,mint()
1170919,1711151653,2.03637,mint()
1170925,1711151665,2.05118,mint()
1170927,1711151669,2.05117,mint()
1170931,1711151677,2.0661,mint()
1170941,1711151697,2.08111,mint()
1170947,1711151709,2.09625,mint()
1171055,1711151925,2.12651,mint()
1171372,1711152559,2.14087,mint()
1171395,1711152605,2.1409,mint()
1171406,1711152627,2.15633,mint()
1171892,1711153599,2.17027,mint()
1171970,1711153755,2.18578,mint()
1172244,1711154303,2.20072,mint()
1172286,1711154387,2.21657,mint()
1172303,1711154421,2.23264,mint()
1172312,1711154439,2.24888,mint()
1172330,1711154475,2.26518,mint()
1172377,1711154569,2.2815,mint()
1172705,1711155225,2.29685,mint()
1173415,1711156645,2.31084,mint()
1174215,1711158245,2.32453,mint()
1174489,1711158793,2.34052,mint()
1179093,1711168001,2.33927,mint()
1180043,1711169901,2.35254,mint()
1186627,1711183069,2.34362,mint()
1187391,1711184597,2.35767,mint()
1188651,1711187117,2.36984,mint()
1188967,1711187749,2.38581,mint()
1197696,1711205207,2.36819,mint()
1200476,1711210767,2.37432,mint()
1202511,1711214837,2.38347,mint()
1212264,1711234343,2.3618,mint()
1222562,1711254939,2.33823,mint()
1269284,1711348383,2.17745,mint()
1281824,1711373463,2.14758,mint()
1281829,1711373473,2.16321,mint()
1281842,1711373499,2.17891,mint()
1282685,1711375185,2.1917,mint()
1285384,1711380583,2.1977,mint()
1286498,1711382811,2.20955,mint()
1294250,1711398315,2.19683,mint()
1304632,1711419079,2.17458,mint()
1317261,1711444337,2.14443,mint()
1334037,1711477889,2.10003,mint()
1338482,1711486779,2.0996,mint()
1338723,1711487261,2.11402,mint()
1349124,1711508063,2.09254,mint()
1365870,1711541555,2.0493,mint()
1369388,1711548591,2.05207,mint()
1379714,1711569243,2.03147,mint()
1412758,1711635331,1.93577,mint()
1429326,1711668467,1.91016,mint()
1431668,1711673151,1.91652,mint()
1431694,1711673203,1.93041,mint()
1435684,1711681183,1.93148,mint()
1453680,1711717175,1.88766,mint()
1455564,1711720943,1.89536,mint()
1456057,1711721929,1.90757,mint()
1456938,1711723691,1.91865,mint()
1461109,1711732033,1.91909,mint()
1465199,1711740213,1.91986,mint()
1466798,1711743411,1.92864,mint()
1468646,1711747107,1.93667,mint()
1469281,1711748377,1.94873,mint()
1505968,1711821751,1.84557,mint()
1510702,1711831219,1.84429,mint()
1530243,1711870301,1.79773,mint()
1532412,1711874639,1.80423,mint()
1532774,1711875363,1.81628,mint()
1560136,1711930087,1.7473,mint()
1583564,1711976943,1.69211,mint()
1606325,1712022465,1.64049,mint()
1609022,1712027859,1.64498,mint()
1630880,1712071575,1.59721,mint()
1637942,1712085699,1.58988,mint()
1660461,1712130737,1.54203,mint()
1660532,1712130879,1.55305,mint()
1664825,1712139465,1.55313,mint()
1676079,1712161973,1.53513,mint()
1682717,1712175249,1.52916,mint()
1683321,1712176457,1.53874,mint()
1684881,1712179577,1.54591,mint()
1688388,1712186591,1.54801,mint()
1707123,1712224061,1.511,mint()
1718119,1712246053,1.49412,mint()
1762433,1712334681,1.39703,mint()
1768857,1712347529,1.3921,mint()
1774729,1712359273,1.38849,mint()
1800507,1712410829,1.33933,mint()
1832134,1712474083,1.27927,mint()
1832139,1712474093,1.28857,mint()
1832145,1712474105,1.29795,mint()
1832152,1712474119,1.29793,mint()
1832158,1712474131,1.30737,mint()
1850563,1712510941,1.27682,mint()
1851163,1712512141,1.28481,mint()
1862287,1712534389,1.2702,mint()
1864040,1712537895,1.2757,mint()
1872366,1712554547,1.26714,mint()
1872390,1712554595,1.26709,mint()
1879971,1712569757,1.26016,mint()
1880016,1712569847,1.26007,mint()
1882866,1712575547,1.26318,mint()
1883068,1712575951,1.27195,mint()
1889258,1712588331,1.26797,mint()
1890820,1712591455,1.27702,mint()
1899364,1712608543,1.26484,mint()
1899950,1712609715,1.2728,mint()
1901732,1712613279,1.27826,mint()
1904662,1712619139,1.28123,mint()
1907873,1712625561,1.28362,mint()
1912244,1712634303,1.28351,mint()
1914712,1712639239,1.28751,mint()
1918552,1712646919,1.28854,mint()
1923950,1712657715,1.28622,mint()
1923968,1712657751,1.29556,mint()
1924295,1712658405,1.30426,mint()
1926662,1712663139,1.30855,mint()
1926665,1712663145,1.31807,mint()
1926676,1712663167,1.31805,mint()
1926680,1712663175,1.32764,mint()
1926748,1712663311,1.33715,mint()
1926760,1712663335,1.33713,mint()
1930639,1712671093,1.33812,mint()
1930694,1712671203,1.34774,mint()
1930701,1712671217,1.35754,mint()
1933507,1712676829,1.361,mint()
1933635,1712677085,1.37062,mint()
1933641,1712677097,1.38059,mint()
1933695,1712677205,1.39051,mint()
1933721,1712677257,1.40059,mint()
1933843,1712677501,1.41049,mint()
1933857,1712677529,1.42073,mint()
1935613,1712681041,1.42686,mint()
1935649,1712681113,1.43717,mint()
1937141,1712684097,1.44402,mint()
1937768,1712685351,1.453,mint()
1940926,1712691667,1.45588,mint()
1940943,1712691701,1.4558,mint()
1941023,1712691861,1.46621,mint()
1941247,1712692309,1.47646,mint()
1941283,1712692381,1.48699,mint()
1941617,1712693049,1.49699,mint()
1941771,1712693357,1.5075,mint()
1941802,1712693419,1.5184,mint()
1941833,1712693481,1.52938,mint()
1941873,1712693561,1.54041,mint()
1941917,1712693649,1.55152,mint()
1943676,1712697167,1.55821,mint()
1943687,1712697189,1.56952,mint()
1943698,1712697211,1.58093,mint()
1943707,1712697229,1.59242,mint()
1951237,1712712289,1.58386,mint()
1951285,1712712385,1.59527,mint()
1951314,1712712443,1.6068,mint()
1964717,1712739249,1.58248,mint()
1970393,1712750601,1.57888,mint()
1970654,1712751123,1.58969,mint()
1988540,1712786895,1.55386,mint()
1997783,1712805381,1.54106,mint()
1998229,1712806273,1.55113,mint()
1998261,1712806337,1.56234,mint()
1998406,1712806627,1.57335,mint()
2017350,1712844515,1.53515,mint()
2020057,1712849929,1.53932,mint()
2029444,1712868703,1.52629,mint()
2043034,1712895883,1.50271,mint()
2048107,1712906029,1.5008,mint()
2048167,1712906149,1.51158,mint()
2050258,1712910331,1.51724,mint()
2061378,1712932571,1.50002,mint()
2100796,1713011407,1.41412,mint()
2109714,1713029243,1.40325,mint()
2109944,1713029703,1.40271,mint()
2127047,1713063909,1.3729,mint()
2127075,1713063965,1.37284,mint()
2136637,1713083089,1.36079,mint()
2141720,1713093255,1.35907,mint()
2143882,1713097579,1.364,mint()
2145158,1713100131,1.37098,mint()
2156073,1713121961,1.35588,mint()
2156228,1713122271,1.35552,mint()
2158208,1713126231,1.36086,mint()
2162331,1713134477,1.36131,mint()
2162352,1713134519,1.37118,mint()
2162359,1713134533,1.38115,mint()
2162364,1713134543,1.39119,mint()
2162369,1713134553,1.40131,mint()
2164769,1713139353,1.40584,mint()
2169714,1713149243,1.40437,mint()
2169727,1713149269,1.41457,mint()
2177735,1713165285,1.40583,mint()
2179226,1713168267,1.41253,mint()
2179742,1713169299,1.42159,mint()
2189050,1713187915,1.40973,mint()
2193390,1713196595,1.40967,mint()
2194338,1713198491,1.41768,mint()
2194398,1713198611,1.42786,mint()
2201703,1713213221,1.42076,mint()
2208571,1713226957,1.41466,mint()
2222588,1713254991,1.39179,mint()
2224865,1713259545,1.39659,mint()
2230954,1713271723,1.39254,mint()
2238576,1713286967,1.38473,mint()
2259485,1713328785,1.34668,mint()
2259497,1713328809,1.35646,mint()
2259507,1713328829,1.36631,mint()
2260030,1713329875,1.37507,mint()
2260843,1713331501,1.38318,mint()
2263119,1713336053,1.38794,mint()
2273564,1713356943,1.37374,mint()
2275483,1713360781,1.37929,mint()
2276316,1713362447,1.38739,mint()
2281938,1713373691,1.38436,mint()
2288605,1713387025,1.37891,mint()
2288617,1713387049,1.38893,mint()
2295006,1713399827,1.38412,mint()
2311718,1713433251,1.35559,mint()
2314595,1713439005,1.35889,mint()
2323741,1713457297,1.34791,mint()
2324673,1713459161,1.3556,mint()
2330254,1713470323,1.35274,mint()
2330315,1713470445,1.36245,mint()
2345049,1713499913,1.33882,mint()
2345054,1713499923,1.34856,mint()
2347696,1713505207,1.35237,mint()
2347707,1713505229,1.3622,mint()
2358350,1713526515,1.3478,mint()
2367033,1713543881,1.33796,mint()
2369257,1713548329,1.34268,mint()
2410186,1713630187,1.26259,mint()
2410194,1713630203,1.27177,mint()
2438834,1713687483,1.22087,mint()
2453435,1713716685,1.19996,mint()
2466164,1713742143,1.18313,mint()
2470019,1713749853,1.18406,mint()
2472070,1713753955,1.18857,mint()
2472099,1713754013,1.18851,mint()
2472213,1713754241,1.19694,mint()
2483285,1713776385,1.18344,mint()
2498487,1713806789,1.17047,mint()
2502290,1713814395,1.17148,mint()
2502307,1713814429,1.17998,mint()
2502330,1713814475,1.18853,mint()
2519837,1713849489,1.16249,mint()
2520150,1713850115,1.17034,mint()
2525095,1713860005,1.16911,mint()
2531613,1713873041,1.16486,mint()
2538728,1713887271,1.15935,mint()
2543582,1713896979,1.15835,mint()
2544263,1713898341,1.16545,mint()
2548697,1713907209,1.1652,mint()
2550728,1713911271,1.16967,mint()
2551374,1713912563,1.17692,mint()
2562172,1713934159,1.1642,mint()
2565158,1713940131,1.16679,mint()
2565165,1713940145,1.17528,mint()
2565230,1713940275,1.17515,mint()
2568747,1713947309,1.17673,mint()
2583282,1713976379,1.15672,mint()
2585383,1713980581,1.16104,mint()
2586583,1713982981,1.16714,mint()
2586623,1713983061,1.16706,mint()
2586634,1713983083,1.17553,mint()
2588902,1713987619,1.17959,mint()
2594128,1713998071,1.17781,mint()
2594193,1713998201,1.18625,mint()
2596272,1714002359,1.19072,mint()
2598051,1714005917,1.19582,mint()
2604259,1714018333,1.19203,mint()
2606044,1714021903,1.19712,mint()
2621947,1714053709,1.17405,mint()
2627289,1714064393,1.17205,mint()
2649188,1714108191,1.13793,mint()
2651019,1714111853,1.1427,mint()
2651110,1714112035,1.15084,mint()
2651199,1714112213,1.15905,mint()
2651255,1714112325,1.16739,mint()
2651392,1714112599,1.17562,mint()
2675282,1714160379,1.13759,mint()
2678296,1714166407,1.1401,mint()
2681865,1714173545,1.14154,mint()
2685240,1714180295,1.14335,mint()
2689407,1714188629,1.14364,mint()
2689463,1714188741,1.15186,mint()
2691236,1714192287,1.1568,mint()
2694986,1714199787,1.15791,mint()
2713110,1714236035,1.13137,mint()
2719774,1714249363,1.12692,mint()
2724220,1714258255,1.12669,mint()
2724230,1714258275,1.12667,mint()
2740802,1714291419,1.10372,mint()
2745001,1714299817,1.10394,mint()
2749093,1714308001,1.10436,mint()
2757431,1714324677,1.09694,mint()
2757529,1714324873,1.10475,mint()
2763238,1714336291,1.10219,mint()
2764156,1714338127,1.10848,mint()
2767356,1714344527,1.11057,mint()
2767450,1714344715,1.11848,mint()
2767466,1714344747,1.1266,mint()
2767488,1714344791,1.13476,mint()
2769169,1714348153,1.1398,mint()
2769392,1714348599,1.14768,mint()
2770447,1714350709,1.15399,mint()
2772718,1714355251,1.15797,mint()
2772744,1714355303,1.15791,mint()
2779189,1714368193,1.1538,mint()
2795189,1714400193,1.13138,mint()
2796281,1714402377,1.13752,mint()
2797221,1714404257,1.144,mint()
2802480,1714414775,1.1422,mint()
2802503,1714414821,1.14215,mint()
2803534,1714416883,1.14848,mint()
2805935,1714421685,1.15218,mint()
2815810,1714441435,1.14149,mint()
2818547,1714446909,1.14452,mint()
2818553,1714446921,1.15285,mint()
2818558,1714446931,1.16124,mint()
2818579,1714446973,1.16965,mint()
2819677,1714449169,1.176,mint()
2820613,1714451041,1.18271,mint()
2821495,1714452805,1.18958,mint()
2826617,1714463049,1.18795,mint()
2829503,1714468821,1.19082,mint()
2836508,1714482831,1.18546,mint()
2837284,1714484383,1.18392,mint()
2837306,1714484427,1.1925,mint()
2837312,1714484439,1.20117,mint()
2837317,1714484449,1.20991,mint()
2837319,1714484453,1.20991,mint()
2837325,1714484465,1.2187,mint()
2837339,1714484493,1.22756,mint()
2837371,1714484557,1.24544,mint()
2837378,1714484571,1.25449,mint()
2837384,1714484583,1.26361,mint()
2847156,1714504127,1.25209,mint()
2847161,1714504137,1.2612,mint()
2847163,1714504141,1.2612,mint()
2847166,1714504147,1.27037,mint()
2847167,1714504149,1.27037,mint()
2847176,1714504167,1.27961,mint()
2847183,1714504181,1.27959,mint()
2847188,1714504191,1.2889,mint()
2847192,1714504199,1.29828,mint()
2847195,1714504205,1.29827,mint()
2847197,1714504209,1.30772,mint()
2847200,1714504215,1.30772,mint()
2847316,1714504447,1.31698,mint()
2847673,1714505161,1.32578,mint()
2847704,1714505223,1.33543,mint()
2847742,1714505299,1.34503,mint()
2847750,1714505315,1.35479,mint()
2847752,1714505319,1.35478,mint()
2847766,1714505347,1.36462,mint()
2847776,1714505367,1.3646,mint()
2847779,1714505373,1.37453,mint()
2847784,1714505383,1.37451,mint()
2847786,1714505387,1.37451,mint()
2847808,1714505431,1.38447,mint()
2847839,1714505493,1.3945,mint()
2847867,1714505549,1.40457,mint()
2847912,1714505639,1.41469,mint()
2847960,1714505735,1.42488,mint()
2848097,1714506009,1.43494,mint()
2848104,1714506023,1.44537,mint()
2848176,1714506167,1.45573,mint()
2848188,1714506191,1.4663,mint()
2854873,1714519561,1.46049,mint()
2854887,1714519589,1.47108,mint()
2855027,1714519869,1.48145,mint()
2855029,1714519873,1.48145,mint()
2855064,1714519943,1.49215,mint()
2855067,1714519949,1.49216,mint()
2855253,1714520321,1.50254,mint()
2855264,1714520343,1.51345,mint()
2855841,1714521497,1.52302,mint()
2855850,1714521515,1.53407,mint()
2855859,1714521533,1.54522,mint()
2856738,1714523291,1.55418,mint()
2876269,1714562353,1.51497,mint()
2881468,1714572751,1.51273,mint()
2881561,1714572937,1.53465,mint()
2881568,1714572951,1.55702,mint()
2881580,1714572975,1.55699,mint()
2881591,1714572997,1.5683,mint()
2886401,1714582617,1.61316,mint()
2886407,1714582629,1.6249,mint()
2886411,1714582637,1.64865,mint()
2886416,1714582647,1.66064,mint()
2886419,1714582653,1.67273,mint()
2886422,1714582659,1.67272,mint()
2886425,1714582665,1.68489,mint()
2886431,1714582677,1.69715,mint()
2886434,1714582683,1.7095,mint()
2886451,1714582717,1.74708,mint()
2886457,1714582729,1.7726,mint()
2886462,1714582739,1.7855,mint()
2886468,1714582751,1.79848,mint()
2886472,1714582759,1.81157,mint()
2886476,1714582767,1.83804,mint()
2886479,1714582773,1.83803,mint()
2886484,1714582783,1.83802,mint()
2886518,1714582851,1.91971,mint()
2886519,1714582853,1.93368,mint()
2886526,1714582867,1.94775,mint()
2888083,1714585981,1.95681,mint()
2899593,1714609001,1.93332,mint()
2900934,1714611683,1.94302,mint()
2902820,1714615455,1.95098,mint()
2902825,1714615465,1.96517,mint()
2906652,1714623119,1.9668,mint()
2910849,1714631513,1.96721,mint()
2920149,1714650113,1.95082,mint()
2923695,1714657205,1.95336,mint()
2924534,1714658883,1.96482,mint()
2932942,1714675699,1.95139,mint()
2932966,1714675747,1.9513,mint()
2934336,1714678487,1.96098,mint()
2935495,1714680805,1.97142,mint()
2938480,1714686775,1.97587,mint()
2938507,1714686829,1.99015,mint()
2938719,1714687253,2.00393,mint()
2938837,1714687489,2.01813,mint()
2938862,1714687539,2.03274,mint()
2939950,1714689715,2.04381,mint()
2941564,1714692943,2.05311,mint()
2941830,1714693475,2.06714,mint()
2941832,1714693479,2.06714,mint()
2941854,1714693523,2.08212,mint()
2941873,1714693561,2.08205,mint()
2941876,1714693567,2.08205,mint()
2941890,1714693595,2.09716,mint()
2942498,1714694811,2.1103,mint()
2942615,1714695045,2.12524,mint()
2942625,1714695065,2.14069,mint()
2942627,1714695069,2.14066,mint()
2942641,1714695097,2.1562,mint()
2942707,1714695229,2.17167,mint()
2942738,1714695291,2.17155,mint()
2942809,1714695433,2.18712,mint()
2942831,1714695477,2.18704,mint()
2944565,1714698945,2.19654,mint()
2958382,1714726579,2.16179,mint()
2963449,1714736713,2.15907,mint()
2965023,1714739861,2.16906,mint()
2968935,1714747685,2.17055,mint()
2970702,1714751219,2.17988,mint()
2971327,1714752469,2.19345,mint()
2971470,1714752755,2.20889,mint()
2978304,1714766423,2.19958,mint()
2978374,1714766563,2.21535,mint()
2979366,1714768547,2.22776,mint()
2979445,1714768705,2.24375,mint()
2979467,1714768749,2.24361,mint()
2979514,1714768843,2.25976,mint()
2979524,1714768863,2.27619,mint()
2979585,1714768985,2.27602,mint()
2995239,1714800293,2.23305,mint()
3006952,1714823719,2.20547,mint()
3009840,1714829495,2.21079,mint()
3013403,1714836621,2.21361,mint()
3016505,1714842825,2.21816,mint()
3016680,1714843175,2.23364,mint()
3018937,1714847689,2.24138,mint()
3026655,1714863125,2.22864,mint()
3027623,1714865061,2.2412,mint()
3034596,1714879007,2.23125,mint()
3035695,1714881205,2.24335,mint()
3037618,1714885051,2.25241,mint()
3040421,1714890657,2.25815,mint()
3041988,1714893791,2.26861,mint()
3043707,1714897229,2.27855,mint()
3046257,1714902329,2.28533,mint()
3052030,1714913875,2.27977,mint()
3052368,1714914551,2.29507,mint()
3052535,1714914885,2.31113,mint()
3052965,1714915745,2.32628,mint()
3053642,1714917099,2.34056,mint()
3057833,1714925481,2.34107,mint()
3058009,1714925833,2.34038,mint()
3064313,1714938441,2.33259,mint()
3064583,1714938981,2.34852,mint()
3065588,1714940991,2.36163,mint()
3065590,1714940995,2.36162,mint()
3065615,1714941045,2.37872,mint()
3076215,1714962245,2.35384,mint()
3079882,1714969579,2.35635,mint()
3080606,1714971027,2.37062,mint()
3084485,1714978785,2.37238,mint()
3090655,1714991125,2.36502,mint()
3091471,1714992757,2.37898,mint()
3094897,1714999609,2.38255,mint()
3095381,1715000577,2.39796,mint()
3095964,1715001743,2.41306,mint()
3096018,1715001851,2.41288,mint()
3096599,1715003013,2.42805,mint()
3096957,1715003729,2.44426,mint()
3101519,1715012853,2.44328,mint()
3154144,1715118103,2.3531,mint()
3154261,1715118337,2.36978,mint()
3154708,1715119231,2.38524,mint()
3156283,1715122381,2.39626,mint()
3156296,1715122407,2.3962,mint()
3156306,1715122427,2.41362,mint()
3156322,1715122459,2.43114,mint()
3156327,1715122469,2.44882,mint()
3176658,1715163131,2.38385,mint()
3177774,1715165363,2.3967,mint()
3184396,1715178607,2.38756,mint()
3190319,1715190453,2.38103,mint()
3190871,1715191557,2.39616,mint()
3194290,1715198395,2.39978,mint()
3196066,1715201947,2.41005,mint()
3196084,1715201983,2.42755,mint()
3196086,1715201987,2.42753,mint()
3199537,1715208889,2.43107,mint()
3199581,1715208977,2.43091,mint()
3256416,1715322647,2.22563,mint()
3264897,1715339609,2.21014,mint()
3267390,1715344595,2.21696,mint()
3267405,1715344625,2.23302,mint()
3312734,1715435283,2.08436,mint()
3312838,1715435491,2.09917,mint()
3313280,1715436375,2.11289,mint()
3313332,1715436479,2.12809,mint()
3313343,1715436501,2.12805,mint()
3313346,1715436507,2.12805,mint()
3317302,1715444419,2.12934,mint()
3317720,1715445255,2.14335,mint()
3325970,1715461755,2.12925,mint()
3329089,1715467993,2.13356,mint()
3337079,1715483973,2.12044,mint()
3614433,1716038681,1.3404,mint()
3619566,1716048947,1.33855,mint()
3619711,1716049237,1.34798,mint()
3619806,1716049427,1.35758,mint()
3620217,1716050249,1.36652,mint()
3620236,1716050287,1.37643,mint()
3627336,1716064487,1.37002,mint()
3637669,1716085153,1.35625,mint()
3640304,1716090423,1.36011,mint()
3643828,1716097471,1.36191,mint()
3651673,1716113161,1.35389,mint()
3653551,1716116917,1.35944,mint()
3654363,1716118541,1.36749,mint()
3659522,1716128859,1.36555,mint()
3660244,1716130303,1.37382,mint()
3666825,1716143465,1.36863,mint()
3666838,1716143491,1.36859,mint()
3671210,1716152235,1.36847,mint()
3673040,1716155895,1.3742,mint()
3676060,1716161935,1.37722,mint()
3677124,1716164063,1.38476,mint()
3678401,1716166617,1.39186,mint()
3685749,1716181313,1.3848,mint()
3692494,1716194803,1.37917,mint()
3692905,1716195625,1.38825,mint()
3692961,1716195737,1.39823,mint()
3693229,1716196273,1.40778,mint()
3699946,1716209707,1.40213,mint()
3701545,1716212905,1.40855,mint()
3706827,1716223469,1.40627,mint()
3712909,1716235633,1.40212,mint()
3716729,1716243273,1.4033,mint()
3720527,1716250869,1.40453,mint()
3721102,1716252019,1.41339,mint()
3721647,1716253109,1.42238,mint()
